{"cameraMode":{"drawMode":0,"name":"Shaded","section":"Shading Mode"},"sceneLighting":true,"audioPlay":false,"sceneViewState":{"m_AlwaysRefresh":false,"showFog":true,"showSkybox":true,"showFlares":true,"showImageEffects":true,"showParticleSystems":true,"showVisualEffectGraphs":true,"m_FxEnabled":true},"in2DMode":false,"pivot":{"x":3.243518590927124,"y":8.651461601257325,"z":6.383053779602051},"rotation":{"x":-0.19837819039821626,"y":-0.12285532057285309,"z":0.025105414912104608,"w":-0.9721161127090454},"size":13.780477523803711,"orthographic":false}